[
  {
    "id": "5198515b-b0ec-4d3f-a2ba-2599d76a7e28",
    "name": "banana",
    "price": 1.0,
    "photo": "5198515b-b0ec-4d3f-a2ba-2599d76a7e28.jpeg",
    "category": {
      "type": "food",
      "subtype": "fruits"
    }
  },
  {
    "id": "ac4501fc-111e-4210-8dc7-652f636fa024",
    "name": "apple",
    "price": 1.0,
    "photo": "ac4501fc-111e-4210-8dc7-652f636fa024.jpeg",
    "category": {
      "type": "food",
      "subtype": "fruits"
    }
  },
  {
    "id": "40a28e72-0e96-44ca-a812-70d648532d71",
    "name": "milk 3%",
    "price": 1.0,
    "photo": "40a28e72-0e96-44ca-a812-70d648532d71.jpeg",
    "category": {
      "type": "food",
      "subtype": "milk"
    }
  },
  {
    "id": "c5ca0f10-73f9-493e-a336-ad9a7a165d39",
    "name": "bandage",
    "price": 1.0,
    "photo": "c5ca0f10-73f9-493e-a336-ad9a7a165d39.jpeg",
    "category": {
      "type": "pharm",
      "subtype": "medic"
    }
  },
  {
    "id": "fdd06805-0474-4716-b33d-d6b38a455b08",
    "name": "tomato",
    "price": 1.0,
    "photo": "fdd06805-0474-4716-b33d-d6b38a455b08.jpg",
    "category": {
      "type": "food",
      "subtype": "vegetables"
    }
  },
  {
    "id": "4ad5a795-e26d-46d7-80d3-439ce21e58b6",
    "name": "\u05e7\u05d5\u05d8\u05d2'",
    "price": 1.0,
    "photo": "4ad5a795-e26d-46d7-80d3-439ce21e58b6.jpg",
    "category": {
      "type": "food",
      "subtype": "milk"
    }
  },
  {
    "id": "13209e21-12d6-4949-bade-427a4fe910f7",
    "name": "\u05ea\u05e4\u05d5\u05d6",
    "price": 1.0,
    "photo": "13209e21-12d6-4949-bade-427a4fe910f7.jpg",
    "category": {
      "type": "food",
      "subtype": "fruits"
    }
  },
  {
    "id": "5ab6c316-9159-4ff5-887f-89adfebc7a17",
    "name": "\u05de\u05dc\u05e4\u05e4\u05d5\u05df",
    "photo": "5ab6c316-9159-4ff5-887f-89adfebc7a17.jpg",
    "category": {
      "type": "food",
      "subtype": "vegetables"
    }
  }
]